SMILES,molar_mass,log_p_sat,target_value,log_p_sat_pred,sat_mass_c,sat_mass_c_pred,volatility,volatility_pred
C=C(CCO)C(=O)CC(C)(C)C(CCC(=O)O)ON(=O)=O,303.3083,-9.749579997691106,-9.749579997691106,-8.300752058808058,2.1778867788464503e-08,6.121575882696692e-07,LVOC,SVOC
C=C(CCO)C(=O)CC(C)(C)C(CCC(=O)O)ON(=O)=O,303.3083,-9.749579997691106,-9.749579997691106,-8.288635516223039,2.1778867788464503e-08,6.294768747280069e-07,LVOC,SVOC
CC1(C)CC2C1CCC1(C)OC(CCC2(CO)OO)OO1,302.3633,-9.525783735923746,-9.525783735923746,-8.179720814974587,3.634765037299284e-08,8.063790996734757e-07,LVOC,SVOC
CC1(C)CC2C1CCC1(C)OC(CCC2(CO)OO)OO1,302.3633,-9.525783735923746,-9.525783735923746,-8.326095048473235,3.634765037299284e-08,5.756586427274709e-07,LVOC,SVOC
CC(C)(CC(=O)C(=O)CCO)C(=O)CCC(=O)O,258.2677,-9.30539480106643,-9.30539480106643,-8.305674273522811,5.1571088153497214e-08,5.153791236396281e-07,LVOC,SVOC
CC(C)(CC(=O)C(=O)CCO)C(=O)CCC(=O)O,258.2677,-9.30539480106643,-9.30539480106643,-8.09941397029101,5.1571088153497214e-08,8.28680512419769e-07,LVOC,SVOC
CC(=O)CCC(=O)C(C)(C)C(C(=O)C(=O)CCO)OO,288.2937,-9.30539480106643,-9.30539480106643,-7.600589889615662,5.7566702366567245e-08,2.9172675663219287e-06,LVOC,SVOC
CC(=O)CCC(=O)C(C)(C)CC(=O)C(CCO)(CO)O,288.3368,-9.111820506081676,-9.111820506081676,-8.481519093286295,8.991053243059113e-08,3.838061966616646e-07,LVOC,SVOC
CC(=O)CCC(=O)C(C)(C)CC(=O)C(CCO)(CO)O,288.3368,-9.111820506081676,-9.111820506081676,-8.243355827007719,8.991053243059113e-08,6.641638729402824e-07,LVOC,SVOC
CC1(C)CC2C1CCC(C)(C(CCC2=O)O)OO,256.338,-8.76447155309245,-8.76447155309245,-8.087694958652435,1.7785760492945904e-07,8.449850673973672e-07,LVOC,SVOC
CC1(C)CC(C1CCC(=O)O)(C(=O)CCO)O,244.2842,-8.642065152999546,-8.642065152999546,-8.299598704831396,2.2467835035430207e-07,4.943421871051064e-07,LVOC,SVOC
CC1(C)CC(C1CCC(=O)O)(C(=O)CCO)O,244.2842,-8.642065152999546,-8.642065152999546,-8.356606935241643,2.2467835035430207e-07,4.335302880114267e-07,LVOC,SVOC
CC1(C)CC(C1CCC(=O)O)(C(=O)CCO)OON(=O)=O,305.2812,-8.66354026615147,-8.66354026615147,-7.165751651673816,2.67233435715691e-07,8.40774264427472e-06,LVOC,SVOC
CC1(C)CC(C1CCC(=O)O)(C(=O)CCO)OON(=O)=O,305.2812,-8.66354026615147,-8.66354026615147,-7.489321579200805,2.67233435715691e-07,3.991255060744912e-06,LVOC,SVOC
CC(C)(CC(=O)C(=O)CCO)C(CCC(=O)O)O,260.2836,-8.211124884224583,-8.211124884224583,-9.19509673262894,6.457329114277764e-07,6.700096742225076e-08,SVOC,LVOC
CC(C)(CC(=O)C(=O)CCO)C(CCC(=O)O)O,260.2836,-8.211124884224583,-8.211124884224583,-9.160976158189442,6.457329114277764e-07,7.247724021410446e-08,SVOC,LVOC
CCc1cc(C)cc(c1OO)O,168.1898,-7.752026733638194,-7.752026733638194,-4.054080031755845,1.2008919172480991e-06,0.005990328287438557,SVOC,IVOC
C=C(CCO)C1(CC(C)(C)C1CCC(=O)O)OON(=O)=O,303.3083,-7.910094888560602,-7.910094888560602,-8.98348214106909,1.5049442348208604e-06,1.2709637241314086e-07,SVOC,LVOC
CC1(C)CC(C1CCC(=O)O)C(=O)CCOO,244.2842,-7.772113295386326,-7.772113295386326,-8.546493413121098,1.6653790004332044e-06,2.799838404966902e-07,SVOC,LVOC
CC(C)(CC(=O)C(=O)CCO)C(CCC(=O)O)ON(=O)=O,305.2812,-7.647817481888637,-7.647817481888637,-8.8143225750199,2.770853596130435e-06,1.8884630266560781e-07,SVOC,LVOC
Cc1cc(C)c(c(c1)O)OO,154.1632,-7.348721986001856,-7.348721986001856,-4.1664918105316815,2.786055295696292e-06,0.004238575341393565,SVOC,IVOC
CC(=O)CCC1C(CC1(C)C)C(=O)C(=O)CC(=O)O,268.3056,-7.028724151261895,-7.028724151261895,-8.558391124913982,1.0130633109235825e-05,2.9920552832658633e-07,SVOC,LVOC
CC(=O)C(CCC(=O)COO)CC=O,202.2045,-6.844663962534939,-6.844663962534939,-5.254537019318889,1.1664277821375042e-05,0.000453925727618922,SVOC,IVOC
CC(=O)C(CCC(=O)COO)CC=O,202.2045,-6.844663962534939,-6.844663962534939,-5.248939315115933,1.1664277821375042e-05,0.00045981433082313555,SVOC,IVOC
CC(=O)C(CCC(=O)COO)CC=O,202.2045,-6.844663962534939,-6.844663962534939,-5.205952367054465,1.1664277821375042e-05,0.0005076559148728617,SVOC,IVOC
C(C(C(CO)(CO)O)ON(=O)=O)O,197.1433,-6.7447274948966935,-6.7447274948966935,-5.350177229769543,1.431480803293544e-05,0.0003550878345605823,SVOC,IVOC
C(C(C(CO)(CO)O)ON(=O)=O)O,197.1433,-6.7447274948966935,-6.7447274948966935,-5.159552814018639,1.431480803293544e-05,0.0005507572328024389,SVOC,IVOC
CC(C)(CC(=O)C(=O)CCO)C(=O)CC=O,228.2417,-6.412289034981089,-6.412289034981089,-5.405835288367598,3.563173417160666e-05,0.0003616518627006206,SVOC,IVOC
C(C(C(CO)(CO)ON(=O)=O)ON(=O)=O)O,242.1409,-6.376750709602099,-6.376750709602099,-5.05635967978742,4.102498622906201e-05,0.0008579055428237221,SVOC,IVOC
C(C(C(CO)(CO)ON(=O)=O)ON(=O)=O)O,242.1409,-6.376750709602099,-6.376750709602099,-5.077681687465315,4.102498622906201e-05,0.000816803266876787,SVOC,IVOC
C(C(C(CO)(CO)ON(=O)=O)ON(=O)=O)O,242.1409,-6.376750709602099,-6.376750709602099,-4.837737149227536,4.102498622906201e-05,0.001419260135308567,SVOC,IVOC
C(C(C(CO)(CO)ON(=O)=O)ON(=O)=O)O,242.1409,-6.376750709602099,-6.376750709602099,-5.055663919603092,4.102498622906201e-05,0.0008592810493684284,SVOC,IVOC
C1CC(=O)C(=O)CC1OO,144.1253,-6.08196966321512,-6.08196966321512,-5.034308451650048,4.813949857829532e-05,0.0005372331140305108,SVOC,IVOC
C1CC(=O)C(=O)CC1OO,144.1253,-6.08196966321512,-6.08196966321512,-4.986937944403621,4.813949857829532e-05,0.000599146851089993,SVOC,IVOC
CC1(C)C2C(=O)CC(=O)C1C2O,168.1898,-6.139661993429006,-6.139661993429006,-4.810760395178917,4.918907570649e-05,0.001048987372369689,SVOC,IVOC
CC1(C)C2C(=O)CC(=O)C1C2O,168.1898,-6.139661993429006,-6.139661993429006,-4.5635602878275,4.918907570649e-05,0.001853405159068439,SVOC,IVOC
CC(CON(=O)=O)(C(CC=O)CC=O)OO,235.1913,-6.255707016877324,-6.255707016877324,-5.245855940581976,5.265568137877012e-05,0.0005386371621134783,SVOC,IVOC
CC(CON(=O)=O)(C(CC=O)CC=O)OO,235.1913,-6.255707016877324,-6.255707016877324,-4.836103127349247,5.265568137877012e-05,0.0013837228941913097,SVOC,IVOC
C(C(CO)O)C(C=O)OO,150.1299,-5.97061622231479,-5.97061622231479,-4.890054884554672,6.480103974562493e-05,0.0007800874876743521,SVOC,IVOC
C(C(CO)O)C(C=O)OO,150.1299,-5.97061622231479,-5.97061622231479,-4.676256363184734,6.480103974562493e-05,0.0012762678622782017,SVOC,IVOC
CC(=O)C(CC=O)CC(C(=O)C)OO,202.2045,-6.098541678603888,-6.098541678603888,-5.176885032371558,6.500999596948192e-05,0.0005427961834404296,SVOC,IVOC
CCC1C(C(C)(C(=O)O1)OO)O,176.1672,-6.013228265733755,-6.013228265733755,-5.333541157416676,6.893309644441808e-05,0.0003296969242103219,SVOC,IVOC
CC(CO)(C(CC=O)CO)ON(=O)=O,207.1812,-6.067526235322847,-6.067526235322847,-5.358563537369264,7.154101708318594e-05,0.00036603094921120935,SVOC,IVOC
C(=O)C(C(C1C(C=O)O1)OO)O,176.1241,-5.920818753952375,-5.920818753952375,-4.498438169174463,8.525719384405572e-05,0.0022548186534451287,SVOC,IVOC
C(=O)C(C(C1C(C=O)O1)OO)O,176.1241,-5.920818753952375,-5.920818753952375,-4.4507133534017385,8.525719384405572e-05,0.0025167288913495083,SVOC,IVOC
C(=O)C(C(C1C(C=O)O1)OO)O,176.1241,-5.920818753952375,-5.920818753952375,-4.641443843490606,8.525719384405572e-05,0.0016222057805813372,SVOC,IVOC
CC1=C(C(C2(C(C)(C1(C)OO2)ON(=O)=O)N(=O)=O)(O)OO)N(=O)=O,353.1965,-6.20342566678957,-6.20342566678957,-5.182203673989875,8.919114222788219e-05,0.0009365774963816844,SVOC,IVOC
CC1=CC(=O)C(=O)C(C1=O)O,154.1201,-5.801342913045578,-5.801342913045578,-4.798222906287549,9.823072973699165e-05,0.0009893896823644714,SVOC,IVOC
CC1=CC(=O)C(=O)C(C1=O)O,154.1201,-5.801342913045578,-5.801342913045578,-4.737998008792545,9.823072973699165e-05,0.0011365597570038722,SVOC,IVOC
CC1=CC(=O)C(=O)C(C1=O)O,154.1201,-5.801342913045578,-5.801342913045578,-4.567162257980769,9.823072973699165e-05,0.0016843332631134651,SVOC,IVOC
CCc1cc(c(C)c(c1O)O)N(=O)=O,197.1879,-5.8996294548824375,-5.8996294548824375,-4.816632476659535,0.0001002263254415,0.0012133295828678527,SVOC,IVOC
CC(=O)C1(CC(CC=O)C1(C)C)OO,200.2316,-5.903089986991944,-5.903089986991944,-4.862309374745735,0.0001009656468489,0.0011090579625797205,SVOC,IVOC
CC1C(C)(C(C)(C(=O)O1)O)O,160.1678,-5.804100347590766,-5.804100347590766,-5.33124425279982,0.0001014392113303,0.00030134359065084494,SVOC,IVOC
CC1C(C)(C(C)(C(=O)O1)O)O,160.1678,-5.804100347590766,-5.804100347590766,-5.223153856140357,0.0001014392113303,0.0003865025427654459,SVOC,IVOC
C=C(C)C(CCC(=O)C)CC(=O)O,184.2322,-5.847711655616943,-5.847711655616943,-5.375190259644285,0.0001055321737653,0.00031326096385900877,SVOC,IVOC
C=C(C)C(CCC(=O)C)CC(=O)O,184.2322,-5.847711655616943,-5.847711655616943,-5.190081786515179,0.0001055321737653,0.0004797497454628665,SVOC,IVOC
CC1C(C(C)(C(=O)O1)O)O,146.1412,-5.721246399047171,-5.721246399047171,-5.154577952415536,0.0001120101222769,0.0004129768600960912,SVOC,IVOC
CC(=O)C(CC(=O)CC=O)C(C)(C)OO,216.231,-5.872895201635193,-5.872895201635193,-5.070225107246216,0.0001168836476571,0.0007420340780868676,SVOC,IVOC
CC12C=CC(C(C)(C1O)OO2)O,172.1785,-5.767003889607846,-5.767003889607846,-5.274772440095333,0.0001187698017712,0.00036892448622519104,SVOC,IVOC
CC12C=CC(C(C)(C1O)OO2)O,172.1785,-5.767003889607846,-5.767003889607846,-5.215776950122375,0.0001187698017712,0.0004226033847460544,SVOC,IVOC
C(C1C(CO)(CO)O1)O,134.1305,-5.647817481888637,-5.647817481888637,-5.021056178601867,0.0001217421768113,0.0005154687792163331,SVOC,IVOC
C(C1C(CO)(CO)O1)O,134.1305,-5.647817481888637,-5.647817481888637,-5.0321263342286215,0.0001217421768113,0.0005024955389683105,SVOC,IVOC
C(C1C(CO)(CO)O1)O,134.1305,-5.647817481888637,-5.647817481888637,-4.875104730532996,0.0001217421768113,0.0007213629193316016,SVOC,IVOC
c1cc(c(cc1N(=O)=O)O)O,155.1082,-5.692503962086787,-5.692503962086787,-4.589314677605103,0.0001270169842582,0.0016108350901373836,SVOC,IVOC
C1=C(C(C2C(C1(N(=O)=O)OO2)O)(O)OO)N(=O)=O,266.1192,-5.913640169325252,-5.913640169325252,-5.552384587740704,0.000130968556586,0.0003009003013850313,SVOC,IVOC
CCC12C=CC(=O)C(C1O)OO2,170.1626,-5.714442690992226,-5.714442690992226,-5.130967951806838,0.0001324806416909,0.0005077233795854081,SVOC,IVOC
CCC12C=CC(=O)C(C1O)OO2,170.1626,-5.714442690992226,-5.714442690992226,-5.1580483991472335,0.0001324806416909,0.0004770311231893814,SVOC,IVOC
CC(CON(=O)=O)(C(CC=O)CO)O,207.1812,-5.772113295386326,-5.772113295386326,-4.748620060906603,0.0001412433631665,0.0014909438383975092,SVOC,IVOC
CC(CON(=O)=O)(C(CC=O)CO)O,207.1812,-5.772113295386326,-5.772113295386326,-4.819480099507395,0.0001412433631665,0.0012664884862649555,SVOC,IVOC
CC(C)C(=O)C(C(C1C(C=O)O1)O)ON(=O)=O,247.202,-5.82102305270683,-5.82102305270683,-4.873207522946011,0.0001505774467041,0.0013352895752419432,SVOC,IVOC
CC(C)C(=O)C(C(C1C(C=O)O1)O)ON(=O)=O,247.202,-5.82102305270683,-5.82102305270683,-5.038875454074514,0.0001505774467041,0.0009118166689717753,SVOC,IVOC
CC(=O)C(CC(=O)CC(=O)OO)O,190.1507,-5.696803942579511,-5.696803942579511,-4.823109490536638,0.0001541789157468,0.0011527083503268215,SVOC,IVOC
CCCC(=O)C(C(C1C(C=O)O1)O)ON(=O)=O,247.202,-5.782516055786093,-5.782516055786093,-5.521308065404668,0.0001645382695774,0.0003002444000352938,SVOC,IVOC
CCCC(=O)C(C(C1C(C=O)O1)O)ON(=O)=O,247.202,-5.782516055786093,-5.782516055786093,-5.355907542417548,0.0001645382695774,0.0004394155675290914,SVOC,IVOC
CCCC(=O)C(C(C1C(C=O)O1)O)ON(=O)=O,247.202,-5.782516055786093,-5.782516055786093,-5.4098180232142,0.0001645382695774,0.0003881190486366075,SVOC,IVOC
CCC12C(=O)C=CC(C)(C1O)OO2,184.1892,-5.649751981665837,-5.649751981665837,-5.131237473985948,0.0001664344331429,0.0005492343474470751,SVOC,IVOC
CCC12C(=O)C=CC(C)(C1O)OO2,184.1892,-5.649751981665837,-5.649751981665837,-4.970243103948555,0.0001664344331429,0.0007957049484188722,SVOC,IVOC
CCC12C(=O)C=CC(C)(C1O)OO2,184.1892,-5.649751981665837,-5.649751981665837,-5.172984748202168,0.0001664344331429,0.000498896451167364,SVOC,IVOC
CCC1=C(C)C(=O)C(=O)C(C1=O)O,182.1733,-5.6439741428068775,-5.6439741428068775,-5.1373338969521285,0.0001668174906097,0.000535650888700452,SVOC,IVOC
CCC1=C(C)C(=O)C(=O)C(C1=O)O,182.1733,-5.6439741428068775,-5.6439741428068775,-5.262557770341118,0.0001668174906097,0.0004014744912165864,SVOC,IVOC
CC1=C(C)C(=O)C(=O)C(C1=O)O,168.1467,-5.609064892896621,-5.609064892896621,-4.884583570517719,0.0001668608519906,0.0008847809821149123,SVOC,IVOC
CC1=C(C)C(=O)C(=O)C(C1=O)O,168.1467,-5.609064892896621,-5.609064892896621,-5.031811712169429,0.0001668608519906,0.000630387564703394,SVOC,IVOC
CC1=C(C)C(=O)C(=O)C(C1=O)O,168.1467,-5.609064892896621,-5.609064892896621,-4.982850708179342,0.0001668608519906,0.0007056163599070696,SVOC,IVOC
CC1=C(C)C(=O)C(=O)C(C1=O)O,168.1467,-5.609064892896621,-5.609064892896621,-5.061271070358089,0.0001668608519906,0.0005890447360377065,SVOC,IVOC
CCCCC(C(CC(=O)CC)OO)O,204.2634,-5.665546248849069,-5.665546248849069,-5.242258697304123,0.0001779816829172,0.0004716967245193799,SVOC,IVOC
CC(=O)CCC(=O)C(C)(C)C(=O)O,186.2051,-5.6020599913279625,-5.6020599913279625,-5.255780871140615,0.0001877857278079,0.00041681342819644156,SVOC,IVOC
C(CC(=O)O)C(=O)CC=O,144.1253,-5.490797477668897,-5.490797477668897,-5.154074049291154,0.0001877905560481,0.00040775301058008917,SVOC,IVOC
CC(CON(=O)=O)(C(C=O)CO)OO,209.154,-5.634512015109101,-5.634512015109101,-5.045619416843564,0.000195742513571,0.0007595874123885765,SVOC,IVOC
CC(CON(=O)=O)(C(C=O)CO)OO,209.154,-5.634512015109101,-5.634512015109101,-5.309552643848178,0.000195742513571,0.0004136609568027368,SVOC,IVOC
CC(CC(COO)O)O,136.1464,-5.442492798094342,-5.442492798094342,-5.025357422399566,0.0001982642289236,0.000518059618053193,SVOC,IVOC
CC1(C)C(CC=O)CC1C(=O)COO,200.2316,-5.603800652904264,-5.603800652904264,-4.964466070580613,0.0002011235685231,0.0008765920919179629,SVOC,IVOC
CC1(C)C(CC=O)CC1C(=O)COO,200.2316,-5.603800652904264,-5.603800652904264,-4.952928735912707,0.0002011235685231,0.0009001914486739483,SVOC,IVOC
CC1(C)C(CC=O)CC1C(=O)COO,200.2316,-5.603800652904264,-5.603800652904264,-5.237392674182843,0.0002011235685231,0.00046759616948240107,SVOC,IVOC
CC(=O)C(C(C1C(C)(C(=O)C)O1)O)O,202.2045,-5.605548319173784,-5.605548319173784,-5.062648505699258,0.0002022895734056,0.0007061115445187932,SVOC,IVOC
CC(=O)C(C(C1C(C)(C(=O)C)O1)O)O,202.2045,-5.605548319173784,-5.605548319173784,-5.225782947954855,0.0002022895734056,0.0004849967962234462,SVOC,IVOC
CC(=O)C1CCC(C)(C(C1)O)O,172.2215,-5.528708288941061,-5.528708288941061,-4.882807701781644,0.0002056411764794,0.000909935621845398,SVOC,IVOC
CC(=O)C1CCC(C)(C(C1)O)O,172.2215,-5.528708288941061,-5.528708288941061,-5.055715420042247,0.0002056411764794,0.0006110868647618664,SVOC,IVOC
C1=CC(=O)C(=O)C(C1=O)O,140.0936,-5.438898616350944,-5.438898616350944,-5.010729473229503,0.0002057077625468,0.0005513404083562348,SVOC,IVOC
CC1(C)CC(C1CC=O)C(=O)CCC(=O)OO,242.2683,-5.675717544702307,-5.675717544702307,-5.48438463366503,0.0002062101548776,0.000320363448174252,SVOC,IVOC
CC1(C)CC(C1CC=O)C(=O)CCC(=O)OO,242.2683,-5.675717544702307,-5.675717544702307,-5.4107727281642894,0.0002062101548776,0.00037953765064718955,SVOC,IVOC
CC(=O)C(C(C1C(C)(C(=O)C)O1)OO)O,218.2039,-5.619788758288394,-5.619788758288394,-5.299258072539033,0.0002112539078959,0.0004419116361309364,SVOC,IVOC
CC(CON(=O)=O)(C(CO)OO)O,197.1433,-5.571865205971212,-5.571865205971212,-4.805578630315495,0.0002131315862681,0.0012443266222773685,SVOC,IVOC
CCCC1(C(C(=O)OC1=O)O)O,174.1513,-5.515700160653214,-5.515700160653214,-5.309343458875411,0.0002142681210956,0.0003445991985888536,SVOC,IVOC
CCCCC(CC(=O)C(C)OO)O,190.2368,-5.527243550682788,-5.527243550682788,-4.961145747872024,0.0002279197619254,0.0008392276525006299,SVOC,IVOC
Cc1cc(c(C)c(c1O)O)N(=O)=O,183.1614,-5.505845405981558,-5.505845405981558,-4.8377985811873145,0.0002305258062912,0.0010734118230295584,SVOC,IVOC
CC1=C(C)C(C2C(C1(C)OO2)ON(=O)=O)(O)O,247.202,-5.634512015109101,-5.634512015109101,-5.37160457749826,0.0002313507790421,0.00042381703013826287,SVOC,IVOC
CC1=C(C)C(C2C(C1(C)OO2)ON(=O)=O)(O)O,247.202,-5.634512015109101,-5.634512015109101,-5.438015711696835,0.0002313507790421,0.00036372007308225855,SVOC,IVOC
CC1=CC2(C)C(C(C)(C1ON(=O)=O)OO2)O,231.2026,-5.603800652904264,-5.603800652904264,-4.157605516304486,0.0002322325345441,0.006488109914557471,SVOC,IVOC
CC1=CC2(C)C(C(C)(C1ON(=O)=O)OO2)O,231.2026,-5.603800652904264,-5.603800652904264,-4.117109018633983,0.0002322325345441,0.007122208712389179,SVOC,IVOC
CC1=CC2(C)C(C(C)(C1ON(=O)=O)OO2)O,231.2026,-5.603800652904264,-5.603800652904264,-4.156527713782452,0.0002322325345441,0.006504231661337593,SVOC,IVOC
CC(=O)C(CCC(=O)CO)CC=O,186.2051,-5.507239610973163,-5.507239610973163,-5.305261497346834,0.0002336054453931,0.0003719298848743262,SVOC,IVOC
CC(=O)C(CCC(=O)CO)CC=O,186.2051,-5.507239610973163,-5.507239610973163,-5.18583130508398,0.0002336054453931,0.0004896562113371469,SVOC,IVOC
CC(=O)C(CCC(=O)CO)CC=O,186.2051,-5.507239610973163,-5.507239610973163,-5.361217870277642,0.0002336054453931,0.00032696758737895467,SVOC,IVOC
CC(C)(C1CC=C(CC1)CO)O,170.2487,-5.460923901207224,-5.460923901207224,-5.355174920567606,0.0002376243294968,0.0003031376538677457,SVOC,IVOC
C(C(=O)C(COO)O)O,136.1033,-5.35261702988538,-5.35261702988538,-5.004827320083621,0.0002437713299564,0.0005429656264271279,SVOC,IVOC
C=C(CCC=O)C1CC(C)(C)C1CCC(=O)OC,252.3493,-5.605548319173784,-5.605548319173784,-5.3650636291650144,0.0002524554708041,0.00043920722578865914,SVOC,IVOC
CCC(=O)C(C(C1(C)C(C=O)O1)O)OO,218.2039,-5.528708288941061,-5.528708288941061,-4.815673809703966,0.000260546486405,0.0013456115310709626,SVOC,IVOC
CCC(=O)C(C(C1(C)C(C=O)O1)O)OO,218.2039,-5.528708288941061,-5.528708288941061,-5.078135984187895,0.000260546486405,0.0007352880801501138,SVOC,IVOC
CCC(=O)C(C(C1(C)C(C=O)O1)O)OO,218.2039,-5.528708288941061,-5.528708288941061,-5.112808687795223,0.000260546486405,0.0006788671939257296,SVOC,IVOC
C=C(CCC=O)C1CC(C)(C)C1CCC(=O)C,236.3499,-5.55129368009492,-5.55129368009492,-5.130821295508071,0.0002679123563181,0.0007054481983309057,SVOC,IVOC
C=C(CCC=O)C1CC(C)(C)C1CCC(=O)C,236.3499,-5.55129368009492,-5.55129368009492,-5.040693066851873,0.0002679123563181,0.0008681471768664327,SVOC,IVOC
CS(=O)(=O)CO,110.1322,-5.217527375833714,-5.217527375833714,-4.232251431758414,0.0002692265836166,0.002602518852975543,SVOC,IVOC
CS(=O)(=O)CO,110.1322,-5.217527375833714,-5.217527375833714,-4.357045530081706,0.0002692265836166,0.0019525393089751871,SVOC,IVOC
CC(CO)(C(CO)OO)ON(=O)=O,197.1433,-5.46344155742847,-5.46344155742847,-5.373125869150215,0.0002735718868516,0.00033681168812559016,SVOC,IVOC
CC(CO)(C(CO)OO)ON(=O)=O,197.1433,-5.46344155742847,-5.46344155742847,-5.329559395454432,0.0002735718868516,0.00037235194588993977,SVOC,IVOC
CC(CO)(C(CO)OO)ON(=O)=O,197.1433,-5.46344155742847,-5.46344155742847,-5.387296236320907,0.0002735718868516,0.0003259993896146682,SVOC,IVOC
CC(CO)(C(CO)OO)ON(=O)=O,197.1433,-5.46344155742847,-5.46344155742847,-5.278660599608088,0.0002735718868516,0.0004186512802461014,SVOC,IVOC
CC(CO)(C(CO)OO)ON(=O)=O,197.1433,-5.46344155742847,-5.46344155742847,-5.33271656003086,0.0002735718868516,0.0003696548964237604,SVOC,IVOC
CC1(C)C(C=O)C(=O)CC(=O)C1=O,182.1733,-5.42712839779952,-5.42712839779952,-3.99625042068044,0.0002748446761587,0.0074125102354304,SVOC,IVOC
C=C(C)C1CCC(C)(C(C1)OO)O,186.2481,-5.436518914605589,-5.436518914605589,-5.288981219097963,0.0002749817918876,0.0003862261128275745,SVOC,IVOC
CC1=CC(C2(C)C(C1OO2)ON(=O)=O)(O)OO,249.1748,-5.560667306169737,-5.560667306169737,-5.511033516096632,0.0002764189503206,0.00030988574836717366,SVOC,IVOC
CC(CO)C(COO)O,136.1464,-5.293282217663241,-5.293282217663241,-5.118283729943585,0.0002795470706984,0.0004182668382636758,SVOC,IVOC
C=C(CCC=O)C1CC(C)(C)C1CCC(=O)C=O,250.3334,-5.555955204081924,-5.555955204081924,-5.380308145641237,0.0002807337294283,0.00042067010855400595,SVOC,IVOC
C(CO)C(COO)O,122.1198,-5.242603971206976,-5.242603971206976,-5.104853282193062,0.0002817819137933,0.0003869579765760854,SVOC,IVOC
CC(CO)(C(C(=O)O)OO)ON(=O)=O,211.1269,-5.480172006224281,-5.480172006224281,-4.780261349612562,0.0002819048618704,0.001412580551640198,SVOC,IVOC
CC(CO)(C(C(=O)O)OO)ON(=O)=O,211.1269,-5.480172006224281,-5.480172006224281,-4.820851762174357,0.0002819048618704,0.0012865385679175637,SVOC,IVOC
CC(CO)(C(C(=O)O)OO)ON(=O)=O,211.1269,-5.480172006224281,-5.480172006224281,-4.873400470634998,0.0002819048618704,0.0011399192863830493,SVOC,IVOC
CC1C(C)(C(C(=O)O1)O)O,146.1412,-5.304518323509803,-5.304518323509803,-5.154577952415536,0.0002924053718388,0.0004129768600960912,SVOC,IVOC
C=C(C)C(CCC(=O)COO)CC=O,200.2316,-5.43533393574791,-5.43533393574791,-5.064182402212737,0.0002964351391485,0.000696756801376333,SVOC,IVOC
C=C(C)C(CCC(=O)COO)CC=O,200.2316,-5.43533393574791,-5.43533393574791,-5.3753213153631805,0.0002964351391485,0.00034036296918969034,SVOC,IVOC
C=C(C)C(CCC(=O)COO)CC=O,200.2316,-5.43533393574791,-5.43533393574791,-5.3705030482339,0.0002964351391485,0.0003441601408178605,SVOC,IVOC
CC1=CC(C2(C(C1(C)OO2)O)N(=O)=O)(O)OO,249.1748,-5.517126416391246,-5.517126416391246,-5.59718168774242,0.0003055685850817,0.0002541285344264704,IVOC,SVOC
CC(=O)C(=O)CC1C(CC1(C)C)C(=O)CCC=O,252.3062,-5.508638306165727,-5.508638306165727,-5.845871964749676,0.0003155154408383,0.0001451399466861892,IVOC,SVOC
CCC1=CC2(CC)C(C(C)(C1=O)OO2)O,212.2423,-5.402304814074488,-5.402304814074488,-5.620319268253525,0.0003390456139331,0.0002052313379014104,IVOC,SVOC
CC1=CC(C2C(C1(C)OO2)ON(=O)=O)(O)OO,249.1748,-5.46344155742847,-5.46344155742847,-5.551331218412315,0.0003457749778556,0.00028242549668584365,IVOC,SVOC
CC1=C(C(C2(C)C(C)(C1(N(=O)=O)OO2)O)(O)OO)N(=O)=O,308.199,-5.543633966870957,-5.543633966870957,-5.992551431227213,0.0003555725772937,0.00012647677854885872,IVOC,SVOC
CC1=C(C(C2(C)C(C)(C1(N(=O)=O)OO2)O)(O)OO)N(=O)=O,308.199,-5.543633966870957,-5.543633966870957,-6.312087501177643,0.0003555725772937,6.060029319053916e-05,IVOC,SVOC
CC1=C(C(C2(C)C(C)(C1(N(=O)=O)OO2)O)(O)OO)N(=O)=O,308.199,-5.543633966870957,-5.543633966870957,-5.960596819901525,0.0003555725772937,0.00013613362419633978,IVOC,SVOC
CC12C(C(C=C(C1(O)OO)N(=O)=O)(N(=O)=O)OO2)O,280.1458,-5.501689446210399,-5.501689446210399,-5.584020487577561,0.0003559800591451,0.00029450632710943523,IVOC,SVOC
CCCC12C(C(C=C(C1(O)OO)N(=O)=O)(N(=O)=O)OO2)ON(=O)=O,353.1965,-5.586700235918748,-5.586700235918748,-6.051890649111698,0.0003690176651281,0.00012643192298015642,IVOC,SVOC
CCCC12C=CC(=O)C(C1O)OO2,184.1892,-5.293282217663241,-5.293282217663241,-5.578048167963175,0.0003781925288828,0.0001963120665757297,IVOC,SVOC
CCCC12C=CC(=O)C(C1O)OO2,184.1892,-5.293282217663241,-5.293282217663241,-5.693118559533048,0.0003781925288828,0.00015061790527011874,IVOC,SVOC
C=C(CO)C(CO)OO,134.1305,-5.137272471682025,-5.137272471682025,-5.274491563518993,0.0003944446528687,0.00028758549737290743,IVOC,SVOC
C=C(CO)C(CO)OO,134.1305,-5.137272471682025,-5.137272471682025,-5.324159287157386,0.0003944446528687,0.0002565070214068506,IVOC,SVOC
CCC1=C(C)C2C(C(C1(O)O)OO2)ON(=O)=O,247.202,-5.393618634889395,-5.393618634889395,-5.875462690726522,0.0004028694600561,0.0001328373767534033,IVOC,SVOC
CCC1=C(C)C2C(C(C1(O)O)OO2)ON(=O)=O,247.202,-5.393618634889395,-5.393618634889395,-5.905570580778516,0.0004028694600561,0.0001239402593508522,IVOC,SVOC
C\C1=CCCC(CO)(C2CC(C)(C)C2CC1)ON(=O)=O,283.3633,-5.423658649794207,-5.423658649794207,-6.124696749414397,0.0004309391523382,8.577838266530556e-05,IVOC,SVOC
C\C1=CCCC(CO)(C2CC(C)(C)C2CC1)ON(=O)=O,283.3633,-5.423658649794207,-5.423658649794207,-6.086777789066964,0.0004309391523382,9.360451853820111e-05,IVOC,SVOC
C=C(CCO)C(=O)CC(C)(C)C(CC=O)O,228.2848,-5.321481620959886,-5.321481620959886,-5.802881753841348,0.000439264772651,0.00014498605832235744,IVOC,SVOC
C=C(CCO)C(=O)CC(C)(C)C(CC=O)O,228.2848,-5.321481620959886,-5.321481620959886,-5.84192746267783,0.000439264772651,0.00013251972750642318,IVOC,SVOC
CC(C(CON(=O)=O)O)(C(=O)O)OO,211.1269,-5.27083521030723,-5.27083521030723,-5.4621096245980425,0.0004564985074397,0.00029387656006277913,IVOC,SVOC
C=C(C)C(CCC(=O)O)CO,158.195,-5.137868620686963,-5.137868620686963,-5.471518921951372,0.0004645742488751,0.00021547894082825245,IVOC,SVOC
C=C(C)C(CCC(=O)O)CO,158.195,-5.137868620686963,-5.137868620686963,-5.352924114104042,0.0004645742488751,0.00028313896486565655,IVOC,SVOC
C=C(C)C(CCC(=O)O)CO,158.195,-5.137868620686963,-5.137868620686963,-5.431288591883899,0.0004645742488751,0.00023639329937516962,IVOC,SVOC
CC(=O)C1CCC(C)(C(C1)ON(=O)=O)OO,233.2185,-5.301029995663981,-5.301029995663981,-5.579637573661245,0.0004703964151442,0.0002476603175027607,IVOC,SVOC
CC1=C(C(C2(C(C1(C)OO2)O)N(=O)=O)(O)OO)N(=O)=O,294.1724,-5.392544976785332,-5.392544976785332,-5.658326926378592,0.0004806046275893,0.00026061895470583875,IVOC,SVOC
CC1=C(C)C(C2(C)C(C1OO2)ON(=O)=O)(O)O,247.202,-5.314258261397736,-5.314258261397736,-5.564903673417177,0.0004836427923941,0.0002715684465208516,IVOC,SVOC
C=C(CCC=O)C1(CC(C)(C)C1CCO)O,226.312,-5.274905478918531,-5.274905478918531,-6.04275778713901,0.0004847670635964,8.273338559509858e-05,IVOC,SVOC
C=C(CCC=O)C1(CC(C)(C)C1CCO)O,226.312,-5.274905478918531,-5.274905478918531,-5.530316092566011,0.0004847670635964,0.00026922940496867953,IVOC,SVOC
C=C(CCC=O)C1(CC(C)(C)C1CCO)O,226.312,-5.274905478918531,-5.274905478918531,-5.605397100673571,0.0004847670635964,0.00022648606338217706,IVOC,SVOC
CC1=C(C(C2(C)C(C1(N(=O)=O)OO2)O)(O)OO)N(=O)=O,294.1724,-5.366531544420414,-5.366531544420414,-5.923292809143618,0.0005102715799096,0.0001415924562973176,IVOC,SVOC
CCCCCC(C(CC(=O)CC)OO)O,218.29,-5.1944991418416,-5.1944991418416,-6.128290999656542,0.0005626854694812,6.553508129088096e-05,IVOC,SVOC
CCCCCC(C(CC(=O)CC)OO)O,218.29,-5.1944991418416,-5.1944991418416,-6.196501145090338,0.0005626854694812,5.6009758104619376e-05,IVOC,SVOC
CC(CON(=O)=O)(C(CCO)C=O)O,207.1812,-5.165579296318468,-5.165579296318468,-5.485562817305024,0.0005708237694838,0.00027322380058556053,IVOC,SVOC
CC1(C)C(CC1C(=O)CO)CC(=O)OON(=O)=O,261.2286,-5.2644011003018205,-5.2644011003018205,-5.58452624459872,0.0005732586596122,0.00027429979282135423,IVOC,SVOC
C=C(CC(=O)C=O)C1CC(C)(C)C1CCC(=O)C,250.3334,-5.239577516576788,-5.239577516576788,-5.729475754774626,0.0005816641300385,0.00018826693158145898,IVOC,SVOC
CC1=CCC(CC1)C(C)(CO)OO,186.2481,-5.103473782510445,-5.103473782510445,-5.891240914287991,0.0005920373005668,9.651213832942749e-05,IVOC,SVOC
CC1=CCC(CC1)C(C)(CO)OO,186.2481,-5.103473782510445,-5.103473782510445,-5.914615943797799,0.0005920373005668,9.145488510572963e-05,IVOC,SVOC
C(C(C(C=O)(CO)OO)ON(=O)=O)O,211.1269,-5.149353764816934,-5.149353764816934,-5.829997662927248,0.0006038385107738,0.00012597283676640906,IVOC,SVOC
C(C(C(C=O)(CO)OO)ON(=O)=O)O,211.1269,-5.149353764816934,-5.149353764816934,-5.893266825148842,0.0006038385107738,0.00010889495181520298,IVOC,SVOC
C(C(C(C=O)(CO)OO)ON(=O)=O)O,211.1269,-5.149353764816934,-5.149353764816934,-5.866485089029425,0.0006038385107738,0.00011582157947929937,IVOC,SVOC
CC(=O)C(C(C1C(C=O)O1)O)OO,190.1507,-5.072116589669293,-5.072116589669293,-5.523728888059793,0.0006496992121271,0.00022966776373680716,IVOC,SVOC
CC1=CC2(C)C(C(C1(O)OO)(N(=O)=O)OO2)O,249.1748,-5.189095719331299,-5.189095719331299,-5.694142414884595,0.0006503384031179,0.000203279088522311,IVOC,SVOC
CC1=CC(=O)C(C(C1=O)O)O,156.136,-4.978810700930062,-4.978810700930062,-5.422566951143949,0.0006613378047513,0.00023804940441504152,IVOC,SVOC
C1=CC(=O)C(C(C1=O)O)O,142.1094,-4.920818753952375,-4.920818753952375,-5.3664207331605525,0.0006879154336551,0.00024656593424653237,IVOC,SVOC
C=C(CCO)C(=O)CC(C)(C)C(=O)CC=O,226.2689,-5.08460016478773,-5.08460016478773,-5.9004591112681055,0.0007512002123461,0.0001147880704354612,IVOC,SVOC
C=C(CCO)C(=O)CC(C)(C)C(=O)CC=O,226.2689,-5.08460016478773,-5.08460016478773,-6.003280677346879,0.0007512002123461,9.058894240831967e-05,IVOC,SVOC
CCC12C(C(C=C(C1(O)OO)N(=O)=O)(N(=O)=O)OO2)O,294.1724,-5.154901959985743,-5.154901959985743,-6.343717485292679,0.0008306746649691,5.377933647912469e-05,IVOC,SVOC
CCC12C(C(C=C(C1(O)OO)N(=O)=O)(N(=O)=O)OO2)O,294.1724,-5.154901959985743,-5.154901959985743,-6.223045185098528,0.0008306746649691,7.100480513014871e-05,IVOC,SVOC
CC(C)C12C(C(C=C(C1(O)OO)N(=O)=O)(N(=O)=O)OO2)ON(=O)=O,353.1965,-5.226945306635737,-5.226945306635737,-5.763214864127804,0.0008448937274941,0.0002457720706272218,IVOC,SVOC
C1CC(=O)C(CC1=O)OO,144.1253,-4.818156412055227,-4.818156412055227,-5.477231117507358,0.0008837202637561,0.00019374928480555615,IVOC,SVOC
CCC1=CC(C2(C(C)(C1OO2)O)N(=O)=O)(O)OO,263.2014,-5.060980223551334,-5.060980223551334,-5.578083610576044,0.0009226542205973,0.00028050175685524195,IVOC,SVOC
CCCCCCC(C(CC(=O)CC)ON(=O)=O)O,261.3147,-5.05700040663396,-5.05700040663396,-5.612096915104985,0.0009244734344628,0.00025751227009007704,IVOC,SVOC
CCCCCCC(C(CC(=O)CC)ON(=O)=O)O,261.3147,-5.05700040663396,-5.05700040663396,-5.583523028134778,0.0009244734344628,0.00027502477265474066,IVOC,SVOC
CCCCCCC(C(CC(=O)CC)ON(=O)=O)O,261.3147,-5.05700040663396,-5.05700040663396,-5.580695327309229,0.0009244734344628,0.0002768213072274242,IVOC,SVOC
CC12C=CC(=O)C(C1O)OO2,156.136,-4.823908740944319,-4.823908740944319,-5.365652543153203,0.0009447682925019,0.00027138229273741897,IVOC,SVOC
CCCCCCC(=O)C(=O)C(C(=O)CC)OO,244.2842,-4.987162775294828,-4.987162775294828,-5.605559709491587,0.0010149943020391,0.0002443805680821478,IVOC,SVOC
CCCCCCC(=O)C(=O)C(C(=O)CC)OO,244.2842,-4.987162775294828,-4.987162775294828,-5.687717072717007,0.0010149943020391,0.0002022596758087024,IVOC,SVOC
CCCCCCC(=O)C(=O)C(C(=O)CC)OO,244.2842,-4.987162775294828,-4.987162775294828,-5.548119855189043,0.0010149943020391,0.00027893725602525806,IVOC,SVOC
CC1=C(C)C(=O)C(C)(C(C1=O)O)O,184.1892,-4.856985199745905,-4.856985199745905,-5.546921236437868,0.0010327850985209,0.00021089871151130005,IVOC,SVOC
C(C=O)C(C(=O)C(=O)CO)OO,176.1241,-4.769551078621726,-4.769551078621726,-5.664222971220539,0.0012078102461241,0.00015393125738116846,IVOC,SVOC
C(C=O)C(C(=O)C(=O)CO)OO,176.1241,-4.769551078621726,-4.769551078621726,-5.6197720590107,0.0012078102461241,0.0001705209443494896,IVOC,SVOC
CC(=O)C1CC(CC=O)(C1(C)C)OO,200.2316,-4.801342913045577,-4.801342913045577,-5.957654550822099,0.001276205776171,8.90449036147756e-05,IVOC,SVOC
C=C1CCC(=O)C(C)(CCC2C1CC2(C)C)O,236.3499,-4.866461091629782,-4.866461091629782,-5.691507432978483,0.0012966576675896,0.00019398984282864391,IVOC,SVOC
C=C1CCC(=O)C(C)(CCC2C1CC2(C)C)O,236.3499,-4.866461091629782,-4.866461091629782,-5.70035121847593,0.0012966576675896,0.0001900794670759136,IVOC,SVOC
CC1=CCC(CC1O)O,128.169,-4.58838029403677,-4.58838029403677,-5.320036798792501,0.0013339320369709,0.0002474441542950994,IVOC,SVOC
CC1=C(C(C2(C)C(C)(C1(N(=O)=O)OO2)ON(=O)=O)(O)OO)N(=O)=O,353.1965,-5.0,-5.0,-5.712395116506741,0.0014247786298383,0.00027628179951206763,IVOC,SVOC
CC1(C=CC2(C)C(C1OO2)O)O,172.1785,-4.653647025549361,-4.653647025549361,-5.700797191399147,0.0015419237422939,0.0001383288383422461,IVOC,SVOC
CC1(C=CC2(C)C(C1OO2)O)O,172.1785,-4.653647025549361,-4.653647025549361,-5.516764678079539,0.0015419237422939,0.0002113222583092429,IVOC,SVOC
CCC1=C(C2(C(C(C)(C1(O)OO)OO2)ON(=O)=O)N(=O)=O)N(=O)=O,353.1965,-4.958607314841775,-4.958607314841775,-5.706055943234528,0.0015672564928222,0.0002803441185631262,IVOC,SVOC
CC1(C=CC2C(C1(C)OO2)O)O,172.1785,-4.619788758288394,-4.619788758288394,-5.700797191399147,0.0016669445862637,0.0001383288383422461,IVOC,SVOC
C=C(C)C(CCO)C(C=O)OO,174.1944,-4.498940737782249,-4.498940737782249,-5.403053184697569,0.0022275345696441,0.0002777870564127395,IVOC,SVOC
CC1(C)C(C=O)C(=O)CC(=O)C1O,184.1892,-4.289882634888183,-4.289882634888183,-5.472962195448133,0.0038116457233184,0.0002500535170778166,IVOC,SVOC
CC1(C)C(C=O)C(=O)CC(=O)C1O,184.1892,-4.289882634888183,-4.289882634888183,-5.683999525305239,0.0038116457233184,0.00015381391897586962,IVOC,SVOC
CC1(C)C(C=O)C(=O)CC(=O)C1O,184.1892,-4.289882634888183,-4.289882634888183,-5.697017493039027,0.0038116457233184,0.00014927176563270632,IVOC,SVOC
CCC(C(=O)CC)O,116.1583,-2.171984935776023,-2.171984935776023,-1.1329301604590682,0.3153525251463499,3.4502541603105485,IVOC,VOC
CCC(C(=O)CC)O,116.1583,-2.171984935776023,-2.171984935776023,-1.071644714083874,0.3153525251463499,3.9731643918126016,IVOC,VOC
COC(OC)OO,108.0932,-1.8386319977650247,-1.8386319977650247,-0.5907537549378503,0.6322624318664706,11.188596713763227,IVOC,VOC
COC(OC)OO,108.0932,-1.8386319977650247,-1.8386319977650247,-0.958384518998912,0.6322624318664706,4.798934873921777,IVOC,VOC
COC(OC)OO,108.0932,-1.8386319977650247,-1.8386319977650247,-0.8654746258489467,0.6322624318664706,5.943670827822021,IVOC,VOC
CC(=O)C(C(=O)OO)ON(=O)=O,179.085,-1.8210230527068303,-1.8210230527068303,-1.0463391767771526,1.0908553346257792,6.493084215760208,IVOC,VOC
CC(=O)C(C(=O)OO)ON(=O)=O,179.085,-1.8210230527068303,-1.8210230527068303,-1.1131659286404556,1.0908553346257792,5.567039257653556,IVOC,VOC
c1ccc(cc1)C(=O)C=O,134.132,-1.6777807052660807,-1.6777807052660807,-1.158118097769545,1.1362730238626644,3.7596317085009967,IVOC,VOC
CC(CON(=O)=O)(C(=O)OON(=O)=O)O,226.0984,-1.899629454882437,-1.899629454882437,-1.0287511911950131,1.1492090447850338,8.536449964712496,IVOC,VOC
c1ccc(cc1)O,94.1112,-1.4921441283041692,-1.4921441283041692,-0.9165775317476346,1.2224417784853283,4.600391375601467,IVOC,VOC
c1ccc(cc1)O,94.1112,-1.4921441283041692,-1.4921441283041692,-1.0677716430980695,1.2224417784853283,3.2478851926503873,IVOC,VOC
CC(=O)C(Cl)OO,124.523,-1.609064892896621,-1.609064892896621,-1.222557315184531,1.235707502581353,3.009007437517197,IVOC,VOC
CC(=O)C(Cl)OO,124.523,-1.609064892896621,-1.609064892896621,-1.1950002127673258,1.235707502581353,3.2061243581715715,IVOC,VOC
C(C(Br)OO)Br,219.86,-1.8477116556169435,-1.8477116556169435,-1.446011102230088,1.259405452686808,3.1758949058191757,IVOC,VOC
CCOC(C)OO,106.1204,-1.5287082889410617,-1.5287082889410617,-0.9981224382487994,1.2671312179064746,4.299395933130648,IVOC,VOC
CCOC(C)OO,106.1204,-1.5287082889410617,-1.5287082889410617,-1.035465595119092,1.2671312179064746,3.9451569412621694,IVOC,VOC
C(C(Cl)(Cl)Cl)OO,165.403,-1.6439741428068773,-1.6439741428068773,-1.2293966151723907,1.5146079803857777,3.934393269026086,IVOC,VOC
CC(C)(COO)ON(=O)=O,151.118,-1.5606673061697374,-1.5606673061697374,-1.2558659431829824,1.6764086470442578,3.3820595894030276,IVOC,VOC
CCC(C)(CON(=O)=O)O,149.1451,-1.4672456210075022,-1.4672456210075022,-1.2883093236189325,2.0516079340469564,3.097638028342081,IVOC,VOC
C1C(O1)OO,76.0514,-1.1662156253435212,-1.1662156253435212,-0.8613058795582447,2.09229341943354,4.222137133422612,IVOC,VOC
C(C(=O)OO)O,92.0508,-1.2471835688117283,-1.2471835688117283,-0.7440404667132157,2.101720690548515,6.69449932020665,IVOC,VOC
CC(C=O)C(=O)C(=O)C,128.1259,-1.3665315444204136,-1.3665315444204136,-1.234322763000648,2.222472448820632,3.0133193978198958,IVOC,VOC
CC(=CC(=O)OON(=O)=O)CON(=O)=O,222.1097,-1.5934598195660448,-1.5934598195660448,-1.2702785731066228,2.284750111627724,4.8086144113971,IVOC,VOC
COCOCO,92.0938,-1.1890957193312996,-1.1890957193312996,-0.6682609843898604,2.403619259614808,7.974443956007412,IVOC,VOC
COCOCO,92.0938,-1.1890957193312996,-1.1890957193312996,-0.7561591564185619,2.403619259614808,6.513317338522711,IVOC,VOC
COCOCO,92.0938,-1.1890957193312996,-1.1890957193312996,-0.5845589217991574,2.403619259614808,9.669465601873364,IVOC,VOC
CC(C(=O)OO)O,106.0773,-1.2225731776106885,-1.2225731776106885,-0.8745604124979991,2.563186934763553,5.712063750418688,IVOC,VOC
CCC(C)(CON(=O)=O)OO,165.1445,-1.4100503986742925,-1.4100503986742925,-1.3267473878696592,2.5914612368850904,3.1394077630119215,IVOC,VOC
CC(C(C)(C)O)ON(=O)=O,149.1451,-1.3625102704874892,-1.3625102704874892,-1.181841736048966,2.611137370605217,3.9582047430637766,IVOC,VOC
CC(C(C)(C)O)ON(=O)=O,149.1451,-1.3625102704874892,-1.3625102704874892,-1.1232037535307882,2.611137370605217,4.530396753399743,IVOC,VOC
CC(C(C)(C)O)ON(=O)=O,149.1451,-1.3625102704874892,-1.3625102704874892,-1.1284777064320224,2.611137370605217,4.475713560430929,IVOC,VOC
CC(C(C)(C)O)ON(=O)=O,149.1451,-1.3625102704874892,-1.3625102704874892,-1.1446597267183165,2.611137370605217,4.312015012546066,IVOC,VOC
CCC(C)CC(C)O,116.2013,-1.2518119729937995,-1.2518119729937995,-1.169723429280623,2.625004274948511,3.1711629495015377,IVOC,VOC
CCCCCCO,102.1748,-1.1958605676646494,-1.1958605676646494,-0.937957441957451,2.6255133438774823,4.754636889680047,IVOC,VOC
CC(=CC=O)C(=O)OO,130.0987,-1.2941362877160807,-1.2941362877160807,-1.159225977511369,2.6660461965255844,3.6372904362266434,IVOC,VOC
CC(=CC=O)C(=O)OO,130.0987,-1.2941362877160807,-1.2941362877160807,-1.2145933858793114,2.6660461965255844,3.201920703720216,IVOC,VOC
C(COO)Cl,96.5129,-1.1636758842932484,-1.1636758842932484,-0.7981451072470094,2.670794556363876,6.196853932683137,IVOC,VOC
CC(C(=O)C)C(=O)C=O,128.1259,-1.2865094569060576,-1.2865094569060576,-1.199375286709767,2.672135479163411,3.265823002309164,IVOC,VOC
CC(C(=O)C)C(=O)C=O,128.1259,-1.2865094569060576,-1.2865094569060576,-1.1852071120256369,2.672135479163411,3.374122285261121,IVOC,VOC
CC(C(=O)C)C(=O)C=O,128.1259,-1.2865094569060576,-1.2865094569060576,-1.234322763000648,2.672135479163411,3.0133193978198958,IVOC,VOC
CCC(CON(=O)=O)O,135.1186,-1.3010299956639813,-1.3010299956639813,-1.2487743290857196,2.725311459395538,3.073773123751445,IVOC,VOC
CCC(CON(=O)=O)O,135.1186,-1.3010299956639813,-1.3010299956639813,-1.236091897528695,2.725311459395538,3.1648580837818203,IVOC,VOC
CC(=CC=O)C(=O)C,112.1265,-1.2182446253475312,-1.2182446253475312,-0.7834789379350582,2.736494892456077,7.446639493510415,IVOC,VOC
CC(=CC=O)C(=O)C,112.1265,-1.2182446253475312,-1.2182446253475312,-0.7767833140731,2.736494892456077,7.5623357160458005,IVOC,VOC
CC(C)OC(C)O,104.1476,-1.1778319206319825,-1.1778319206319825,-0.802946716283941,2.7896411908505927,6.613533403317717,IVOC,VOC
CC(C)OC(C)O,104.1476,-1.1778319206319825,-1.1778319206319825,-0.882545495243221,2.7896411908505927,5.505981811929401,IVOC,VOC
C(C(Cl)(Cl)O)(Cl)Cl,183.8487,-1.4236586497942072,-1.4236586497942072,-0.9014022691795276,2.7959726237124225,9.306562438064477,IVOC,VOC
C(C(Cl)(Cl)O)(Cl)Cl,183.8487,-1.4236586497942072,-1.4236586497942072,-0.7365297236281094,2.7959726237124225,13.603850197667567,IVOC,VOC
CC(C)(OC)OO,106.1204,-1.1844222516757328,-1.1844222516757328,-0.9744571590242684,2.7996750557798475,4.54017633373092,IVOC,VOC
CCC(=O)CC(=O)OON(=O)=O,177.1122,-1.401209493236885,-1.401209493236885,-0.9028876688112888,2.8364163864741867,8.934943490450415,IVOC,VOC
CCC(=O)CC(=O)OON(=O)=O,177.1122,-1.401209493236885,-1.401209493236885,-0.8604225741626124,2.8364163864741867,9.852737328884164,IVOC,VOC
COC(O)OC,92.0938,-1.111820506081675,-1.111820506081675,-0.7161999883361432,2.871712036603164,7.1410390215926975,IVOC,VOC
COC(O)OC,92.0938,-1.111820506081675,-1.111820506081675,-0.2230432024950914,2.871712036603164,22.228911259196412,IVOC,VOC
COC(O)OC,92.0938,-1.111820506081675,-1.111820506081675,-0.7614521733548827,2.871712036603164,6.434417268270148,IVOC,VOC
C(CC(=O)OON(=O)=O)C=O,163.0856,-1.350665141287858,-1.350665141287858,-1.001053346883964,2.934144349126014,6.562861967753537,IVOC,VOC
C(CC(=O)OON(=O)=O)C=O,163.0856,-1.350665141287858,-1.350665141287858,-0.9071795313589917,2.934144349126014,8.146425414873868,IVOC,VOC
CCCCC(C)(C)O,116.2013,-1.1999706407558657,-1.1999706407558657,-1.192645111048705,2.957817316950912,3.0081319121763808,IVOC,VOC
CCCCC(C)(C)O,116.2013,-1.1999706407558657,-1.1999706407558657,-1.1778665612028476,2.957817316950912,3.1122568164557602,IVOC,VOC
CCC(=O)C=C(C)C(=O)OON(=O)=O,203.1495,-1.4341521813264824,-1.4341521813264824,-1.6962912212690355,3.0157447308947014,1.6491324513916976,VOC,IVOC
C(=O)C(=O)COO,104.0615,-1.1432711096171173,-1.1432711096171173,-1.7861485245976212,3.0182136119309724,0.6868668527558567,VOC,IVOC
C(=O)C(=O)COO,104.0615,-1.1432711096171173,-1.1432711096171173,-1.7238261722511652,3.0182136119309724,0.792857083833443,VOC,IVOC
CCC(=O)OC(=O)C(=O)C,144.1253,-1.2724587429714436,-1.2724587429714436,-1.4592289898579622,3.1046488213538304,2.019492458511897,VOC,IVOC
CCC(=O)OC(=O)C(=O)C,144.1253,-1.2724587429714436,-1.2724587429714436,-1.452571500099367,3.1046488213538304,2.050688639308051,VOC,IVOC
CCC(=O)OC(=O)C(=O)C,144.1253,-1.2724587429714436,-1.2724587429714436,-1.4193277647513014,3.1046488213538304,2.213825883532262,VOC,IVOC
CCC(C(C)ON(=O)=O)O,149.1451,-1.2839966563652008,-1.2839966563652008,-1.4264586889383253,3.1285516882827493,2.2536231850780624,VOC,IVOC
CC(C)C(C)COO,118.1742,-1.1817741063860443,-1.1817741063860443,-1.2318666118615624,3.136747538294572,2.7950337757575734,VOC,IVOC
CC(C)C(C)COO,118.1742,-1.1817741063860443,-1.1817741063860443,-1.2495253700915327,3.136747538294572,2.6836649995008734,VOC,IVOC
CC(C)(C(C(=O)OON(=O)=O)ON(=O)=O)O,240.125,-1.4881166390211256,-1.4881166390211256,-1.5196888657804166,3.1481233466138634,2.9273827768808633,VOC,IVOC
Cc1ccccc1C=O,120.1485,-1.1857524042680798,-1.1857524042680798,-1.2396272509075743,3.1600717989859057,2.791400188941282,VOC,IVOC
Cc1ccccc1C=O,120.1485,-1.1857524042680798,-1.1857524042680798,-1.2845986643750962,3.1600717989859057,2.516811502296245,VOC,IVOC
CCC(=CC(=O)C=O)C(=O)OON(=O)=O,217.133,-1.442492798094342,-1.442492798094342,-1.5095916291886198,3.162015802025307,2.7093505805970888,VOC,IVOC
CCC(=CC(=O)C=O)C(=O)OON(=O)=O,217.133,-1.442492798094342,-1.442492798094342,-1.5870619320949686,3.162015802025307,2.2667044747142877,VOC,IVOC
CCC(=CC(=O)C=O)C(=O)OON(=O)=O,217.133,-1.442492798094342,-1.442492798094342,-1.4837293684041697,3.162015802025307,2.8755933172386343,VOC,IVOC
CC(C)(C)OCCO,118.1742,-1.176525770829699,-1.176525770829699,-1.5410094111866783,3.1748842864805225,1.3716530105453397,VOC,IVOC
CCC(C(=O)OO)O,120.1039,-1.1824346304402191,-1.1824346304402191,-1.324120270360709,3.1831234409944886,2.2970362074493798,VOC,IVOC
CC(C=O)(CO)ON(=O)=O,149.1021,-1.269217724333611,-1.269217724333611,-1.5439451311760877,3.235914493215108,1.7189752761605872,VOC,IVOC
CC(C=O)(CO)ON(=O)=O,149.1021,-1.269217724333611,-1.269217724333611,-1.5619848847616709,3.235914493215108,1.6490350125087694,VOC,IVOC
CC(C=O)(CO)ON(=O)=O,149.1021,-1.269217724333611,-1.269217724333611,-1.6051804182808382,3.235914493215108,1.492912461706317,VOC,IVOC
CC(CC(=O)C)O,102.1317,-1.104577453960592,-1.104577453960592,-1.4356260948438262,3.238277841966277,1.5110034894928561,VOC,IVOC
CCC(CON(=O)=O)OO,151.118,-1.2676062401770314,-1.2676062401770314,-1.3314311473748148,3.2918569796505435,2.8419475016404685,VOC,IVOC
CCC(C)(CO)ON(=O)=O,149.1451,-1.2403321553103694,-1.2403321553103694,-1.3934805099274286,3.459456193774193,2.4314171798235633,VOC,IVOC
CCC(C)(CO)ON(=O)=O,149.1451,-1.2403321553103694,-1.2403321553103694,-1.362340490972997,3.459456193774193,2.612158346736158,VOC,IVOC
CCCCCC(CC)ON(=O)=O,175.2255,-1.3027706572402824,-1.3027706572402824,-1.559522426924303,3.520121484945817,1.9489732672773024,VOC,IVOC
CCCC(C(=O)C)ON(=O)=O,161.1558,-1.2636034977233574,-1.2636034977233574,-1.407855678143278,3.5430186950721865,2.541682293896454,VOC,IVOC
CC(C=O)(C(=O)CON(=O)=O)ON(=O)=O,222.1097,-1.391473966422806,-1.391473966422806,-1.5424975895238615,3.637680569885708,2.569217888958121,VOC,IVOC
CC(CC=O)C(=O)C,114.1424,-1.0877779434675845,-1.0877779434675845,-1.4036872734923236,3.7618377280495343,1.8175682501885269,VOC,IVOC
COC(O)OC=O,106.0773,-1.055024091587952,-1.055024091587952,-1.4689691721982854,3.7698959758375454,1.4533970893241244,VOC,IVOC
COC(O)OC=O,106.0773,-1.055024091587952,-1.055024091587952,-1.4032378794223064,3.7698959758375454,1.690890868925525,VOC,IVOC
CCC(C=O)(C=O)OO,132.1146,-1.140261433802853,-1.140261433802853,-1.6719123344173568,3.858516676955261,1.1344085237014394,VOC,IVOC
CCC(C=O)(C=O)OO,132.1146,-1.140261433802853,-1.140261433802853,-1.699819353335073,3.858516676955261,1.0638060653078463,VOC,IVOC
CCC(=O)CCO,102.1317,-1.0195421077239,-1.0195421077239,-1.239371518576604,3.938668723816488,2.3742149949922426,VOC,IVOC
CC(C)C(C)(C)OO,118.1742,-1.0824944904474534,-1.0824944904474534,-1.2308119925529013,3.9423863437228106,2.8018293456544656,VOC,IVOC
CC(C)C(C)(C)OO,118.1742,-1.0824944904474534,-1.0824944904474534,-1.2125564110897358,3.9423863437228106,2.9221147141137642,VOC,IVOC
CC(C)C(=O)C(C=O)O,130.1418,-1.1243600629958317,-1.1243600629958317,-1.4276837264565074,3.942645662457397,1.9609389998177007,VOC,IVOC
CC(C)C(=O)C(C=O)O,130.1418,-1.1243600629958317,-1.1243600629958317,-1.4495914727837658,3.942645662457397,1.8644740264059976,VOC,IVOC
CC(C)C(=O)C(C=O)O,130.1418,-1.1243600629958317,-1.1243600629958317,-1.4496866762286515,3.942645662457397,1.8640653523304362,VOC,IVOC
CC(C)(C(C)(C)ON(=O)=O)O,163.1717,-1.1951793212788375,-1.1951793212788375,-1.7214531320357764,4.199489678875812,1.2500365381353953,VOC,IVOC
CCC(COO)ON(=O)=O,151.118,-1.1542819820333414,-1.1542819820333414,-1.3501350113349415,4.273318042101908,2.7221508427474523,VOC,IVOC
CCC(C)(C(=O)OO)O,134.1305,-1.100726812682396,-1.100726812682396,-1.512374556170016,4.290735387172924,1.662968368778255,VOC,IVOC
C(C(Cl)O)Cl,114.9586,-1.012780770091995,-1.012780770091995,-1.2042428246375607,4.502893727849787,2.897541352947705,VOC,IVOC
CCCCOCC(=O)OON(=O)=O,193.1546,-1.2218487496163564,-1.2218487496163564,-1.5915393474678012,4.675061270453911,1.9957066716554461,VOC,IVOC
C(=CC(=O)OO)C(=O)C=O,144.0823,-1.0655015487564323,-1.0655015487564323,-1.9334983009485427,4.998504472752332,0.6773970997027153,VOC,IVOC
C(=CC(=O)OO)C(=O)C=O,144.0823,-1.0655015487564323,-1.0655015487564323,-1.8417111150632195,4.998504472752332,0.8368170470429178,VOC,IVOC
C(=CC(=O)OO)C(=O)C=O,144.0823,-1.0655015487564323,-1.0655015487564323,-1.8104690653880768,4.998504472752332,0.8992336878331599,VOC,IVOC
CCCC(=O)C(=O)O,116.1152,-0.958607314841775,-0.958607314841775,-1.9819757730913352,5.152437838861642,0.4882523055521186,VOC,IVOC
C(=CC(=O)C=O)C(=O)C=O,140.0936,-1.0291883891274822,-1.0291883891274822,-2.3525476244006427,5.283976867619359,0.25095836277192923,VOC,IVOC
CC(=O)C(C)(C(=O)C)O,130.1418,-0.9871627752948278,-0.9871627752948278,-1.276493841971643,5.407356900574062,2.777499366046365,VOC,IVOC
CC(=CC(=O)OO)C=O,130.0987,-0.9706162223147904,-0.9706162223147904,-1.3595129186731183,5.615491004492864,2.2934593107090064,VOC,IVOC
C(=O)C1C(C(=O)OON(=O)=O)O1,177.0691,-1.1040252676409354,-1.1040252676409354,-1.7605150488394656,5.621452088054946,1.2398202696716478,VOC,IVOC
CCCCCCC(=O)OON(=O)=O,191.1818,-1.1343039400839294,-1.1343039400839294,-1.4384781936626323,5.660745205619563,2.8099549279899034,VOC,IVOC
CC(C)(C)OC(=O)CO,132.1577,-0.9706162223147904,-0.9706162223147904,-1.5557081047272732,5.704364267471286,1.4829119616503228,VOC,IVOC
CCCC(=O)O,88.1051,-0.7878123955960422,-0.7878123955960422,-1.1994768842937162,5.793215101662383,2.2452006817688037,VOC,IVOC
CC(COO)ON(=O)=O,137.0914,-0.978810700930062,-0.978810700930062,-1.31331989906937,5.80671501295612,2.687950791107445,VOC,IVOC
C=CC(C)(CO)ON(=O)=O,147.1293,-0.9913998282380824,-0.9913998282380824,-1.318589879188039,6.053831680448154,2.849970015329865,VOC,IVOC
COCOCOO,108.0932,-0.8446639625349383,-0.8446639625349383,-2.073109435258772,6.2354157073727725,0.36848510715514554,VOC,IVOC
CCCCOC(=O)C=O,130.1418,-0.9208187539523752,-0.9208187539523752,-1.593861694973839,6.299833282222206,1.3374763628108908,VOC,IVOC
CC(C)C(=O)C(=O)O,116.1152,-0.8416375079047503,-0.8416375079047503,-1.9190688272947227,6.745009534509787,0.5643535334368979,VOC,IVOC
C(C(Cl)(Cl)O)Cl,149.4036,-0.9355420107730816,-0.9355420107730816,-1.6655347939205427,6.991173059219659,1.3018389753971666,VOC,IVOC
CCC(=O)C(=O)C(=O)C=O,142.1094,-0.8569851997459049,-0.8569851997459049,-1.4091260033840172,7.968353773172248,2.2347441223101643,VOC,IVOC
C(C(Cl)O)(Cl)O,130.958,-0.8210230527068306,-0.8210230527068306,-2.395216463557375,7.977007170445469,0.21264078730570743,VOC,IVOC
C(C(Cl)(Cl)OO)Cl,165.403,-0.8961962790440432,-0.8961962790440432,-1.3882848969874146,8.473797951938048,2.7289117204414644,VOC,IVOC
CC(=O)C(=O)CON(=O)=O,147.0862,-0.8446639625349383,-0.8446639625349383,-1.4065282751954555,8.484748363613745,2.3268835754068986,VOC,IVOC
CC(=O)C(=O)CON(=O)=O,147.0862,-0.8446639625349383,-0.8446639625349383,-1.4963517367144448,8.484748363613745,1.8921309628855902,VOC,IVOC
C(C(=O)Cl)OO,110.4964,-0.4089353929735008,-0.4089353929735008,-1.259316900719455,17.383760785763286,2.453365362042328,VOC,IVOC
CC(C(=O)CON(=O)=O)(C(=O)OON(=O)=O)ON(=O)=O,299.1061,-0.5883802940367698,-0.5883802940367698,-1.6135054661338015,31.129774691495896,2.9379933286536453,VOC,IVOC
